{"cameraMode":{"drawMode":0,"name":"Shaded","section":"Shading Mode"},"sceneLighting":true,"audioPlay":false,"sceneViewState":{"m_AlwaysRefresh":false,"showFog":true,"showSkybox":true,"showFlares":true,"showImageEffects":true,"showParticleSystems":true,"showVisualEffectGraphs":true,"m_FxEnabled":true},"in2DMode":false,"pivot":{"x":-7.952569961547852,"y":1.6690131425857545,"z":-8.120713233947754},"rotation":{"x":-0.054277919232845309,"y":-0.014381079003214836,"z":0.0007830907707102597,"w":-0.9984325766563416},"size":3.3332877159118654,"orthographic":false}